{
  "project_info": {
    "project_number": "141758313064",
    "project_id": "medical-application-79e85",
    "storage_bucket": "medical-application-79e85.appspot.com"
  },
  "client": [
    {
      "client_info": {
        "mobilesdk_app_id": "1:141758313064:android:a62deace7b5723412681dd",
        "android_client_info": {
          "package_name": "com.example.medicalapplication"
        }
      },
      "oauth_client": [],
      "api_key": [
        {
          "current_key": "AIzaSyDQC_rj2oiT-orDaqSng_AvJfdiiBnebp0"
        }
      ],
      "services": {
        "appinvite_service": {
          "other_platform_oauth_client": []
        }
      }
    }
  ],
  "configuration_version": "1"
}